fallout,sensitivity
0.0,0.0
0.0,0.000791765637371338
0.0,0.001583531274742676
0.00022396416573348266,0.001583531274742676
0.00022396416573348266,0.0023752969121140144
0.0006718924972004479,0.0023752969121140144
0.0006718924972004479,0.003167062549485352
0.0008958566629339306,0.003167062549485352
0.0008958566629339306,0.004750593824228029
0.0011198208286674132,0.004750593824228029
0.0011198208286674132,0.006334125098970704
0.0015677491601343784,0.006334125098970704
0.0015677491601343784,0.00870942201108472
0.002015677491601344,0.00870942201108472
0.002015677491601344,0.009501187648456057
0.002463605823068309,0.009501187648456057
0.002463605823068309,0.011084718923198733
0.0026875699888017916,0.011084718923198733
0.0026875699888017916,0.01583531274742676
0.003135498320268757,0.01583531274742676
0.003135498320268757,0.022961203483768806
0.0033594624860022394,0.022961203483768806
0.0033594624860022394,0.027711797307996833
0.0035834266517357225,0.027711797307996833
0.0035834266517357225,0.03246239113222486
0.004031354983202688,0.03246239113222486
0.004031354983202688,0.03721298495645289
0.00425531914893617,0.03721298495645289
0.00425531914893617,0.04117181314330958
0.004479283314669653,0.04117181314330958
0.004479283314669653,0.04671417260490895
0.0047032474804031355,0.04671417260490895
0.0047032474804031355,0.047505938242280284
0.004927211646136618,0.047505938242280284
0.004927211646136618,0.04908946951702296
0.005151175811870101,0.04908946951702296
0.005151175811870101,0.0498812351543943
0.005375139977603583,0.0498812351543943
0.005375139977603583,0.050673000791765635
0.005599104143337066,0.050673000791765635
0.005599104143337066,0.05146476642913698
0.0058230683090705485,0.05146476642913698
0.0058230683090705485,0.05779889152810768
0.006047032474804031,0.05779889152810768
0.006047032474804031,0.060174188440221696
0.006270996640537514,0.060174188440221696
0.006270996640537514,0.06096595407759303
0.006494960806270996,0.06096595407759303
0.006494960806270996,0.06334125098970704
0.006718924972004479,0.06334125098970704
0.006718924972004479,0.06571654790182106
0.0069428891377379615,0.06571654790182106
0.0069428891377379615,0.0728424386381631
0.007166853303471445,0.0728424386381631
0.007166853303471445,0.07363420427553444
0.007838745800671893,0.07363420427553444
0.007838745800671893,0.0768012668250198
0.008286674132138858,0.0768012668250198
0.008286674132138858,0.07838479809976247
0.00851063829787234,0.07838479809976247
0.00851063829787234,0.0831353919239905
0.009630459126539754,0.0831353919239905
0.009630459126539754,0.08392715756136183
0.009854423292273236,0.08392715756136183
0.009854423292273236,0.0855106888361045
0.010302351623740201,0.0855106888361045
0.010302351623740201,0.08788598574821853
0.010526315789473684,0.08788598574821853
0.010526315789473684,0.09501187648456057
0.01097424412094065,0.09501187648456057
0.01097424412094065,0.10134600158353127
0.011198208286674132,0.10134600158353127
0.011198208286674132,0.1021377672209026
0.011646136618141097,0.1021377672209026
0.011646136618141097,0.10292953285827396
0.01187010078387458,0.10292953285827396
0.01187010078387458,0.10451306413301663
0.012094064949608062,0.10451306413301663
0.012094064949608062,0.11084718923198733
0.012318029115341545,0.11084718923198733
0.012318029115341545,0.11163895486935867
0.012541993281075027,0.11163895486935867
0.012541993281075027,0.11243072050673
0.01276595744680851,0.11243072050673
0.01276595744680851,0.11322248614410134
0.013213885778275475,0.11322248614410134
0.013213885778275475,0.11401425178147269
0.013437849944008958,0.11401425178147269
0.013437849944008958,0.12351543942992874
0.01366181410974244,0.12351543942992874
0.01366181410974244,0.12430720506730007
0.013885778275475923,0.12430720506730007
0.013885778275475923,0.12668250197941408
0.014109742441209407,0.12668250197941408
0.014109742441209407,0.1290577988915281
0.01522956326987682,0.1290577988915281
0.015677491601343786,0.1290577988915281
0.015677491601343786,0.13618368962787014
0.015901455767077268,0.13618368962787014
0.015901455767077268,0.14330958036421218
0.01612541993281075,0.14330958036421218
0.01612541993281075,0.14806017418844022
0.0167973124300112,0.14806017418844022
0.0167973124300112,0.1496437054631829
0.017469204927211646,0.1496437054631829
0.017469204927211646,0.1543942992874109
0.01769316909294513,0.1543942992874109
0.01769316909294513,0.15756136183689629
0.01791713325867861,0.15756136183689629
0.01791713325867861,0.16547901821060965
0.018141097424412094,0.16547901821060965
0.018141097424412094,0.16706254948535235
0.01858902575587906,0.16706254948535235
0.01858902575587906,0.1749802058590657
0.018812989921612542,0.1749802058590657
0.018812989921612542,0.17656373713380838
0.019036954087346025,0.17656373713380838
0.019036954087346025,0.17814726840855108
0.019260918253079507,0.17814726840855108
0.019260918253079507,0.17973079968329375
0.01948488241881299,0.17973079968329375
0.01948488241881299,0.18448139350752177
0.019708846584546472,0.18448139350752177
0.019708846584546472,0.18606492478226444
0.020156774916013438,0.18606492478226444
0.020156774916013438,0.1868566904196358
0.020828667413213885,0.1868566904196358
0.020828667413213885,0.1876484560570071
0.021052631578947368,0.1876484560570071
0.021052631578947368,0.18844022169437846
0.02127659574468085,0.18844022169437846
0.02127659574468085,0.19714964370546317
0.021724524076147816,0.19714964370546317
0.021724524076147816,0.1995249406175772
0.0219484882418813,0.1995249406175772
0.0219484882418813,0.20902612826603326
0.02306830907054871,0.20902612826603326
0.02306830907054871,0.2121931908155186
0.023516237402015677,0.2121931908155186
0.023516237402015677,0.21536025336500395
0.02374020156774916,0.21536025336500395
0.02374020156774916,0.2161520190023753
0.023964165733482642,0.2161520190023753
0.023964165733482642,0.22486144101346
0.024188129899216124,0.22486144101346
0.024188129899216124,0.22565320665083136
0.024412094064949607,0.22565320665083136
0.024412094064949607,0.22723673792557403
0.024860022396416572,0.22723673792557403
0.024860022396416572,0.22961203483768805
0.025083986562150055,0.22961203483768805
0.025083986562150055,0.23119556611243072
0.025307950727883537,0.23119556611243072
0.025307950727883537,0.23357086302454474
0.02553191489361702,0.23357086302454474
0.02553191489361702,0.24069675376088678
0.025979843225083985,0.24069675376088678
0.025979843225083985,0.2414885193982581
0.026203807390817468,0.2414885193982581
0.026203807390817468,0.24228028503562946
0.026875699888017916,0.24228028503562946
0.026875699888017916,0.24465558194774348
0.02732362821948488,0.24465558194774348
0.02732362821948488,0.2509897070467142
0.027547592385218363,0.2509897070467142
0.027547592385218363,0.2589073634204275
0.028219484882418815,0.2589073634204275
0.028219484882418815,0.2596991290577989
0.02866741321388578,0.2596991290577989
0.02866741321388578,0.26128266033254155
0.028891377379619262,0.26128266033254155
0.028891377379619262,0.2676167854315123
0.029115341545352745,0.2676167854315123
0.029115341545352745,0.2723673792557403
0.029339305711086228,0.2723673792557403
0.029339305711086228,0.273950910530483
0.02956326987681971,0.273950910530483
0.02956326987681971,0.2755344418052256
0.029787234042553193,0.2755344418052256
0.029787234042553193,0.276326207442597
0.030011198208286675,0.276326207442597
0.030011198208286675,0.27790973871733965
0.03045912653975364,0.27790973871733965
0.03045912653975364,0.28741092636579574
0.030907054871220606,0.28741092636579574
0.030907054871220606,0.2905779889152811
0.03113101903695409,0.2905779889152811
0.03113101903695409,0.2937450514647664
0.03135498320268757,0.2937450514647664
0.03135498320268757,0.29453681710213775
0.031802911534154536,0.29453681710213775
0.031802911534154536,0.29612034837688045
0.03202687569988802,0.29612034837688045
0.03202687569988802,0.3000791765637371
0.032474804031354984,0.3000791765637371
0.032474804031354984,0.3016627078384798
0.03314669652855543,0.3016627078384798
0.03314669652855543,0.30245447347585114
0.033370660694288914,0.30245447347585114
0.033370660694288914,0.30324623911322246
0.03381858902575588,0.30324623911322246
0.03381858902575588,0.30641330166270786
0.03404255319148936,0.30641330166270786
0.03404255319148936,0.3087885985748218
0.034266517357222845,0.3087885985748218
0.034266517357222845,0.31274742676167855
0.03449048152295633,0.31274742676167855
0.03449048152295633,0.3174980205859066
0.03471444568868981,0.3174980205859066
0.03471444568868981,0.31987331749802056
0.03493840985442329,0.31987331749802056
0.03493840985442329,0.32145684877276326
0.03561030235162374,0.32145684877276326
0.03561030235162374,0.3222486144101346
0.03583426651735722,0.3222486144101346
0.03583426651735722,0.32304038004750596
0.03650615901455767,0.32304038004750596
0.03650615901455767,0.3254156769596199
0.036730123180291153,0.3254156769596199
0.036730123180291153,0.3269992082343626
0.036954087346024636,0.3269992082343626
0.036954087346024636,0.3285827395091053
0.03717805151175812,0.3285827395091053
0.03717805151175812,0.33016627078384797
0.0374020156774916,0.33016627078384797
0.0374020156774916,0.332541567695962
0.037625979843225084,0.332541567695962
0.037625979843225084,0.3333333333333333
0.037849944008958566,0.3333333333333333
0.037849944008958566,0.3341250989707047
0.03829787234042553,0.3341250989707047
0.03829787234042553,0.33650039588281866
0.038521836506159014,0.33650039588281866
0.038521836506159014,0.33966745843230406
0.0387458006718925,0.33966745843230406
0.0387458006718925,0.342042755344418
0.039417693169092945,0.342042755344418
0.039417693169092945,0.34600158353127475
0.040313549832026875,0.34600158353127475
0.040313549832026875,0.34679334916864607
0.04076147816349384,0.34679334916864607
0.04076147816349384,0.35471100554235946
0.04098544232922732,0.35471100554235946
0.04098544232922732,0.3555027711797308
0.04165733482642777,0.3555027711797308
0.04165733482642777,0.35629453681710216
0.04188129899216125,0.35629453681710216
0.04188129899216125,0.3578780680918448
0.043673012318029114,0.3578780680918448
0.043673012318029114,0.3602533650039588
0.04434490481522956,0.3602533650039588
0.04434490481522956,0.3673792557403009
0.044568868980963045,0.3673792557403009
0.044568868980963045,0.3681710213776722
0.04501679731243001,0.3681710213776722
0.04501679731243001,0.36896278701504354
0.04524076147816349,0.36896278701504354
0.04524076147816349,0.37054631828978624
0.04568868980963046,0.37054631828978624
0.04568868980963046,0.37133808392715756
0.04591265397536394,0.37133808392715756
0.04591265397536394,0.3721298495645289
0.04703247480403135,0.3721298495645289
0.04703247480403135,0.37292161520190026
0.047256438969764836,0.37292161520190026
0.047256438969764836,0.3737133808392716
0.0477043673012318,0.3737133808392716
0.0477043673012318,0.3768804433887569
0.047928331466965284,0.3768804433887569
0.047928331466965284,0.38004750593824227
0.048152295632698766,0.38004750593824227
0.048152295632698766,0.3847980997624703
0.04837625979843225,0.3847980997624703
0.04837625979843225,0.38558986539984164
0.049048152295632697,0.38558986539984164
0.049048152295632697,0.38717339667458434
0.04927211646136618,0.38717339667458434
0.04927211646136618,0.38796516231195566
0.05016797312430011,0.38796516231195566
0.05016797312430011,0.388756927949327
0.05039193729003359,0.388756927949327
0.05039193729003359,0.391132224861441
0.05106382978723404,0.391132224861441
0.05106382978723404,0.3919239904988123
0.05128779395296752,0.3919239904988123
0.05128779395296752,0.3927157561361837
0.051511758118701005,0.3927157561361837
0.051511758118701005,0.393507521773555
0.05195968645016797,0.393507521773555
0.05195968645016797,0.39429928741092635
0.05307950727883538,0.39429928741092635
0.05307950727883538,0.3950910530482977
0.05352743561030235,0.3950910530482977
0.05352743561030235,0.39667458432304037
0.05509518477043673,0.39667458432304037
0.05509518477043673,0.3990498812351544
0.05531914893617021,0.3990498812351544
0.05531914893617021,0.4006334125098971
0.05554311310190369,0.4006334125098971
0.05554311310190369,0.4014251781472684
0.05845464725643897,0.4014251781472684
0.05845464725643897,0.40221694378463974
0.058678611422172455,0.40221694378463974
0.058678611422172455,0.40300870942201106
0.05890257558790594,0.40300870942201106
0.05890257558790594,0.40380047505938244
0.06002239641657335,0.40380047505938244
0.06002239641657335,0.4053840063341251
0.060470324748040316,0.4053840063341251
0.060470324748040316,0.4077593032462391
0.061142217245240764,0.4077593032462391
0.06159014557670773,0.4077593032462391
0.06270996640537514,0.4077593032462391
0.06270996640537514,0.4093428345209818
0.06293393057110862,0.4093428345209818
0.06293393057110862,0.4101346001583531
0.06382978723404255,0.4101346001583531
0.06382978723404255,0.41092636579572445
0.064501679731243,0.41092636579572445
0.064501679731243,0.41488519398258117
0.06472564389697648,0.41488519398258117
0.06472564389697648,0.4156769596199525
0.06562150055991041,0.4156769596199525
0.06562150055991041,0.4164687252573238
0.06629339305711086,0.4164687252573238
0.06629339305711086,0.4172604908946952
0.0669652855543113,0.4172604908946952
0.0669652855543113,0.41963578780680916
0.06741321388577827,0.41963578780680916
0.06741321388577827,0.42042755344418054
0.06763717805151176,0.42042755344418054
0.06763717805151176,0.4220110847189232
0.06786114221724523,0.4220110847189232
0.06786114221724523,0.4235946159936659
0.06898096304591265,0.4235946159936659
0.06898096304591265,0.4243863816310372
0.06920492721164613,0.4243863816310372
0.06920492721164613,0.4259699129057799
0.06987681970884659,0.4259699129057799
0.06987681970884659,0.4267616785431512
0.07032474804031355,0.4267616785431512
0.07032474804031355,0.4283452098178939
0.07099664053751399,0.4283452098178939
0.07099664053751399,0.42992874109263657
0.07368421052631578,0.42992874109263657
0.07368421052631578,0.4307205067300079
0.07435610302351624,0.4307205067300079
0.07435610302351624,0.4323040380047506
0.07502799552071669,0.4323040380047506
0.07502799552071669,0.4338875692794933
0.07569988801791713,0.4338875692794933
0.07569988801791713,0.43626286619160726
0.07592385218365062,0.43626286619160726
0.07592385218365062,0.43705463182897863
0.0761478163493841,0.43705463182897863
0.0761478163493841,0.43784639746634996
0.07838745800671892,0.43784639746634996
0.07838745800671892,0.4386381631037213
0.07995520716685331,0.4386381631037213
0.07995520716685331,0.440221694378464
0.08040313549832027,0.440221694378464
0.08040313549832027,0.4410134600158353
0.0812989921612542,0.4410134600158353
0.0812989921612542,0.4433887569279493
0.08309070548712207,0.4433887569279493
0.08309070548712207,0.44418052256532065
0.083986562150056,0.44418052256532065
0.083986562150056,0.444972288202692
0.08443449048152296,0.444972288202692
0.08443449048152296,0.44576405384006335
0.08465845464725644,0.44576405384006335
0.08465845464725644,0.44655581947743467
0.0851063829787234,0.44655581947743467
0.0851063829787234,0.447347585114806
0.0864501679731243,0.447347585114806
0.0864501679731243,0.4505146476642914
0.08667413213885779,0.4505146476642914
0.08667413213885779,0.4513064133016627
0.08756998880179172,0.4513064133016627
0.08756998880179172,0.45209817893903403
0.08801791713325868,0.45209817893903403
0.08801791713325868,0.45288994457640536
0.08913773796192609,0.45288994457640536
0.08913773796192609,0.45368171021377673
0.08936170212765958,0.45368171021377673
0.08936170212765958,0.45447347585114806
0.08958566629339305,0.45447347585114806
0.08958566629339305,0.45605700712589076
0.09092945128779395,0.45605700712589076
0.09092945128779395,0.4568487727632621
0.09115341545352744,0.4568487727632621
0.09115341545352744,0.4576405384006334
0.09137737961926092,0.4576405384006334
0.09137737961926092,0.4592240696753761
0.09272116461366181,0.4592240696753761
0.09272116461366181,0.4600158353127474
0.09339305711086227,0.4600158353127474
0.09339305711086227,0.46080760095011875
0.09361702127659574,0.46080760095011875
0.09361702127659574,0.46239113222486145
0.0942889137737962,0.46239113222486145
0.0942889137737962,0.46476642913697547
0.09451287793952967,0.46476642913697547
0.09451287793952967,0.4655581947743468
0.09496080627099664,0.4655581947743468
0.09496080627099664,0.4663499604117181
0.0954087346024636,0.4663499604117181
0.0954087346024636,0.46951702296120346
0.09742441209406495,0.46951702296120346
0.09742441209406495,0.47110055423594616
0.09809630459126539,0.47110055423594616
0.09809630459126539,0.4718923198733175
0.09854423292273236,0.4718923198733175
0.09854423292273236,0.4734758511480602
0.09988801791713325,0.4734758511480602
0.09988801791713325,0.4742676167854315
0.10011198208286674,0.4742676167854315
0.10011198208286674,0.4750593824228028
0.10055991041433371,0.4750593824228028
0.10055991041433371,0.4758511480601742
0.10078387458006718,0.4758511480601742
0.10078387458006718,0.4766429136975455
0.10100783874580067,0.4766429136975455
0.10100783874580067,0.47743467933491684
0.1043673012318029,0.47743467933491684
0.1043673012318029,0.4782264449722882
0.10503919372900336,0.4782264449722882
0.10503919372900336,0.47901821060965954
0.10548712206047033,0.47901821060965954
0.10548712206047033,0.47980997624703087
0.10683090705487122,0.47980997624703087
0.10683090705487122,0.4821852731591449
0.1070548712206047,0.4821852731591449
0.1070548712206047,0.4829770387965162
0.10727883538633819,0.4829770387965162
0.10727883538633819,0.4837688044338876
0.10817469204927212,0.4837688044338876
0.10817469204927212,0.4845605700712589
0.10884658454647256,0.4845605700712589
0.10884658454647256,0.48535233570863023
0.10929451287793952,0.48535233570863023
0.10929451287793952,0.48614410134600156
0.10951847704367301,0.48614410134600156
0.10951847704367301,0.48772763262074426
0.10974244120940649,0.48772763262074426
0.10974244120940649,0.4885193982581156
0.11108622620380738,0.4885193982581156
0.11108622620380738,0.4901029295328583
0.11153415453527436,0.4901029295328583
0.11153415453527436,0.4908946951702296
0.11198208286674133,0.4908946951702296
0.11198208286674133,0.4932699920823436
0.11377379619260919,0.4932699920823436
0.11377379619260919,0.49406175771971494
0.11422172452407615,0.49406175771971494
0.11422172452407615,0.4948535233570863
0.11444568868980963,0.4948535233570863
0.11444568868980963,0.49643705463182897
0.11511758118701008,0.49643705463182897
0.11511758118701008,0.4972288202692003
0.11534154535274356,0.4972288202692003
0.11534154535274356,0.49802058590657167
0.11556550951847705,0.49802058590657167
0.11556550951847705,0.498812351543943
0.11601343784994401,0.498812351543943
0.11601343784994401,0.4996041171813143
0.11758118701007839,0.4996041171813143
0.11758118701007839,0.5003958828186856
0.11825307950727884,0.5003958828186856
0.11825307950727884,0.501187648456057
0.11959686450167974,0.501187648456057
0.11959686450167974,0.5019794140934284
0.11982082866741321,0.5019794140934284
0.11982082866741321,0.5027711797307997
0.1200447928331467,0.5027711797307997
0.1200447928331467,0.5043547110055424
0.12049272116461367,0.5043547110055424
0.12049272116461367,0.5051464766429137
0.12116461366181411,0.5051464766429137
0.12116461366181411,0.505938242280285
0.12183650615901456,0.505938242280285
0.12183650615901456,0.5067300079176563
0.12541993281075028,0.5067300079176563
0.12541993281075028,0.5083135391923991
0.12564389697648376,0.5083135391923991
0.12564389697648376,0.5091053048297703
0.1265397536394177,0.5091053048297703
0.1265397536394177,0.5098970704671417
0.1276595744680851,0.5098970704671417
0.1276595744680851,0.5114806017418844
0.12810750279955208,0.5114806017418844
0.12810750279955208,0.5122723673792557
0.12833146696528555,0.5122723673792557
0.12833146696528555,0.5130641330166271
0.12877939529675253,0.5130641330166271
0.12877939529675253,0.5138558986539984
0.13124300111982082,0.5138558986539984
0.13124300111982082,0.5146476642913698
0.1343784994400896,0.5146476642913698
0.1343784994400896,0.5201900237529691
0.13572228443449047,0.5201900237529691
0.13572228443449047,0.5209817893903405
0.13617021276595745,0.5209817893903405
0.13617021276595745,0.5217735550277118
0.1366181410974244,0.5217735550277118
0.1366181410974244,0.5225653206650831
0.1368421052631579,0.5225653206650831
0.1368421052631579,0.5233570863024545
0.1379619260918253,0.5233570863024545
0.1379619260918253,0.5241488519398259
0.13863381858902576,0.5241488519398259
0.13863381858902576,0.5249406175771971
0.13908174692049272,0.5249406175771971
0.13908174692049272,0.5257323832145685
0.1395296752519597,0.5257323832145685
0.1395296752519597,0.5265241488519399
0.13975363941769317,0.5265241488519399
0.13975363941769317,0.5273159144893111
0.14020156774916012,0.5273159144893111
0.14020156774916012,0.5281076801266825
0.14132138857782756,0.5281076801266825
0.14132138857782756,0.5312747426761678
0.14199328107502798,0.5312747426761678
0.14199328107502798,0.5320665083135392
0.14266517357222844,0.5320665083135392
0.14266517357222844,0.5336500395882818
0.1428891377379619,0.5336500395882818
0.1428891377379619,0.5344418052256532
0.14356103023516237,0.5344418052256532
0.14356103023516237,0.5352335708630246
0.14378499440089584,0.5352335708630246
0.14378499440089584,0.5360253365003959
0.1458006718924972,0.5360253365003959
0.1458006718924972,0.5368171021377672
0.14624860022396416,0.5368171021377672
0.14624860022396416,0.5376088677751386
0.14692049272116461,0.5376088677751386
0.14692049272116461,0.5384006334125099
0.14781634938409854,0.5384006334125099
0.14781634938409854,0.5391923990498813
0.14871220604703247,0.5391923990498813
0.14871220604703247,0.5399841646872525
0.14893617021276595,0.5399841646872525
0.14893617021276595,0.5407759303246239
0.14938409854423293,0.5407759303246239
0.14938409854423293,0.5423594615993665
0.15162374020156774,0.5423594615993665
0.15162374020156774,0.5439429928741093
0.15251959686450167,0.5439429928741093
0.15251959686450167,0.5463182897862233
0.15296752519596865,0.5463182897862233
0.15296752519596865,0.5471100554235946
0.15319148936170213,0.5471100554235946
0.15319148936170213,0.5486935866983373
0.1536394176931691,0.5486935866983373
0.1536394176931691,0.5494853523357086
0.15431131019036953,0.5494853523357086
0.15431131019036953,0.5518606492478226
0.1547592385218365,0.5518606492478226
0.1547592385218365,0.552652414885194
0.1563269876819709,0.552652414885194
0.1563269876819709,0.555027711797308
0.15677491601343785,0.555027711797308
0.15677491601343785,0.5558194774346793
0.15699888017917132,0.5558194774346793
0.15699888017917132,0.5566112430720507
0.15722284434490483,0.5566112430720507
0.15722284434490483,0.557403008709422
0.15789473684210525,0.557403008709422
0.15789473684210525,0.5581947743467933
0.1601343784994401,0.5581947743467933
0.1601343784994401,0.5597783056215361
0.1612541993281075,0.5597783056215361
0.1612541993281075,0.5605700712589073
0.16192609182530796,0.5605700712589073
0.16192609182530796,0.5613618368962787
0.1623740201567749,0.5613618368962787
0.1623740201567749,0.56215360253365
0.16282194848824189,0.56215360253365
0.16282194848824189,0.5637371338083927
0.16326987681970884,0.5637371338083927
0.16326987681970884,0.564528899445764
0.16349384098544234,0.564528899445764
0.16349384098544234,0.5653206650831354
0.1639417693169093,0.5653206650831354
0.1639417693169093,0.5661124307205068
0.16595744680851063,0.5661124307205068
0.16595744680851063,0.566904196357878
0.16662933930571108,0.566904196357878
0.16662933930571108,0.5676959619952494
0.16685330347144456,0.5676959619952494
0.16685330347144456,0.5684877276326208
0.167525195968645,0.5684877276326208
0.167525195968645,0.569279493269992
0.167973124300112,0.569279493269992
0.167973124300112,0.5700712589073634
0.1690929451287794,0.5700712589073634
0.1690929451287794,0.5716547901821061
0.16931690929451287,0.5716547901821061
0.16931690929451287,0.5740300870942201
0.16954087346024635,0.5740300870942201
0.16954087346024635,0.5748218527315915
0.16998880179171333,0.5748218527315915
0.16998880179171333,0.5764053840063341
0.1713325867861142,0.5764053840063341
0.1713325867861142,0.5771971496437055
0.17245240761478164,0.5771971496437055
0.17245240761478164,0.5779889152810768
0.17312430011198207,0.5779889152810768
0.17312430011198207,0.5787806809184481
0.17603583426651737,0.5787806809184481
0.17603583426651737,0.5795724465558195
0.17648376259798432,0.5795724465558195
0.17648376259798432,0.5803642121931908
0.17849944008958565,0.5803642121931908
0.17849944008958565,0.5811559778305622
0.1796192609182531,0.5811559778305622
0.1796192609182531,0.5827395091053048
0.18141097424412095,0.5827395091053048
0.18141097424412095,0.5835312747426762
0.18499440089585667,0.5835312747426762
0.18499440089585667,0.5851148060174188
0.1858902575587906,0.5851148060174188
0.1858902575587906,0.5859065716547902
0.18611422172452408,0.5859065716547902
0.18611422172452408,0.5866983372921615
0.18656215005599106,0.5866983372921615
0.18656215005599106,0.5874901029295329
0.18790593505039194,0.5874901029295329
0.18790593505039194,0.5882818685669042
0.1885778275475924,0.5882818685669042
0.1885778275475924,0.5890736342042755
0.1921612541993281,0.5890736342042755
0.1921612541993281,0.5898653998416469
0.1923852183650616,0.5898653998416469
0.1923852183650616,0.5906571654790183
0.19260918253079506,0.5906571654790183
0.19260918253079506,0.5914489311163895
0.19440089585666293,0.5914489311163895
0.19440089585666293,0.5922406967537609
0.19507278835386338,0.5922406967537609
0.19507278835386338,0.5930324623911323
0.1964165733482643,0.5930324623911323
0.1964165733482643,0.5938242280285035
0.19888017917133258,0.5938242280285035
0.19888017917133258,0.5946159936658749
0.19932810750279956,0.5946159936658749
0.19932810750279956,0.5961995249406176
0.19955207166853303,0.5961995249406176
0.19955207166853303,0.5969912905779889
0.20067189249720044,0.5969912905779889
0.20067189249720044,0.5977830562153602
0.20470324748040314,0.5977830562153602
0.20470324748040314,0.5985748218527316
0.2051511758118701,0.5985748218527316
0.2051511758118701,0.599366587490103
0.20671892497200448,0.599366587490103
0.20671892497200448,0.6001583531274742
0.20739081746920493,0.6001583531274742
0.20739081746920493,0.6009501187648456
0.21321388577827546,0.6009501187648456
0.21321388577827546,0.6025336500395883
0.21366181410974244,0.6025336500395883
0.21478163493840985,0.6025336500395883
0.21478163493840985,0.604117181314331
0.21746920492721164,0.604117181314331
0.21746920492721164,0.6049089469517023
0.21769316909294512,0.6049089469517023
0.21769316909294512,0.6057007125890737
0.21836506159014557,0.6057007125890737
0.21836506159014557,0.6064924782264449
0.21881298992161255,0.6064924782264449
0.21881298992161255,0.6072842438638163
0.21970884658454648,0.6072842438638163
0.21970884658454648,0.6080760095011877
0.21993281075027996,0.6080760095011877
0.21993281075027996,0.6088677751385589
0.225979843225084,0.6088677751385589
0.225979843225084,0.6104513064133017
0.22889137737961926,0.6104513064133017
0.22889137737961926,0.611243072050673
0.23135498320268758,0.611243072050673
0.23135498320268758,0.6128266033254157
0.2333706606942889,0.6128266033254157
0.2333706606942889,0.6144101346001584
0.2338185890257559,0.6144101346001584
0.2338185890257559,0.6152019002375297
0.23583426651735723,0.6152019002375297
0.23583426651735723,0.615993665874901
0.2374020156774916,0.615993665874901
0.2374020156774916,0.6167854315122724
0.23807390817469204,0.6167854315122724
0.23807390817469204,0.6175771971496437
0.24053751399776035,0.6175771971496437
0.24053751399776035,0.618368962787015
0.24143337066069429,0.618368962787015
0.24143337066069429,0.6191607284243864
0.24210526315789474,0.6191607284243864
0.24210526315789474,0.6199524940617577
0.2427771556550952,0.6199524940617577
0.2427771556550952,0.620744259699129
0.24344904815229562,0.620744259699129
0.24344904815229562,0.6215360253365004
0.24412094064949608,0.6215360253365004
0.24412094064949608,0.6231195566112431
0.24680851063829787,0.6231195566112431
0.24680851063829787,0.6239113222486145
0.24748040313549832,0.6239113222486145
0.24748040313549832,0.6247030878859857
0.24994400895856664,0.6247030878859857
0.24994400895856664,0.6254948535233571
0.251063829787234,0.6254948535233571
0.251063829787234,0.6262866191607285
0.251959686450168,0.6262866191607285
0.251959686450168,0.6270783847980997
0.2521836506159015,0.6270783847980997
0.2521836506159015,0.6278701504354711
0.25397536394176934,0.6278701504354711
0.25397536394176934,0.6286619160728424
0.2541993281075028,0.6286619160728424
0.2541993281075028,0.6294536817102138
0.2564389697648376,0.6294536817102138
0.2564389697648376,0.6310372129849564
0.2568868980963046,0.6310372129849564
0.2568868980963046,0.6334125098970704
0.25733482642777156,0.6334125098970704
0.25733482642777156,0.6342042755344418
0.25867861142217247,0.6342042755344418
0.25867861142217247,0.6349960411718132
0.2591265397536394,0.6349960411718132
0.2591265397536394,0.6357878068091845
0.2604703247480403,0.6357878068091845
0.2604703247480403,0.6365795724465558
0.2611422172452408,0.6365795724465558
0.2611422172452408,0.6373713380839272
0.26293393057110864,0.6373713380839272
0.26293393057110864,0.6381631037212985
0.2631578947368421,0.6381631037212985
0.2631578947368421,0.6389548693586699
0.264501679731243,0.6389548693586699
0.264501679731243,0.6397466349960411
0.26517357222844345,0.6397466349960411
0.26517357222844345,0.6405384006334125
0.26517357222844345,0.6421219319081551
0.26517357222844345,0.6444972288202692
0.2667413213885778,0.6444972288202692
0.2667413213885778,0.6452889944576405
0.2669652855543113,0.6452889944576405
0.2669652855543113,0.6460807600950119
0.26942889137737963,0.6460807600950119
0.26942889137737963,0.6468725257323832
0.2698768197088466,0.6468725257323832
0.2698768197088466,0.6476642913697546
0.2701007838745801,0.6476642913697546
0.2701007838745801,0.6484560570071259
0.27054871220604704,0.6484560570071259
0.27054871220604704,0.6492478226444972
0.27077267637178054,0.6492478226444972
0.27077267637178054,0.6500395882818686
0.27637178051511757,0.6500395882818686
0.27637178051511757,0.6524148851939826
0.2765957446808511,0.6524148851939826
0.2765957446808511,0.6532066508313539
0.277939529675252,0.6532066508313539
0.277939529675252,0.6539984164687253
0.2857782754759238,0.6539984164687253
0.2857782754759238,0.6547901821060966
0.2864501679731243,0.6547901821060966
0.2864501679731243,0.6555819477434679
0.2880179171332587,0.6555819477434679
0.2880179171332587,0.6563737133808393
0.2927211646136618,0.6563737133808393
0.2927211646136618,0.6579572446555819
0.29473684210526313,0.6579572446555819
0.29473684210526313,0.6587490102929533
0.2956326987681971,0.6587490102929533
0.2956326987681971,0.6595407759303247
0.2992161254199328,0.6595407759303247
0.2992161254199328,0.6603325415676959
0.3005599104143337,0.6603325415676959
0.3005599104143337,0.6611243072050673
0.30100783874580067,0.6611243072050673
0.30100783874580067,0.6619160728424386
0.30391937290033594,0.6619160728424386
0.30391937290033594,0.66270783847981
0.3057110862262038,0.66270783847981
0.3057110862262038,0.6634996041171813
0.30615901455767075,0.6634996041171813
0.30615901455767075,0.665083135391924
0.30660694288913776,0.665083135391924
0.30660694288913776,0.6658749010292954
0.3070548712206047,0.6658749010292954
0.3070548712206047,0.6666666666666666
0.30750279955207166,0.6666666666666666
0.30750279955207166,0.667458432304038
0.30862262038073907,0.667458432304038
0.30862262038073907,0.6682501979414094
0.3110862262038074,0.6682501979414094
0.3110862262038074,0.6690419635787807
0.3133258678611422,0.6690419635787807
0.3133258678611422,0.669833729216152
0.3135498320268757,0.669833729216152
0.3135498320268757,0.6706254948535234
0.31556550951847706,0.6706254948535234
0.31556550951847706,0.6714172604908947
0.3171332586786114,0.6714172604908947
0.3171332586786114,0.672209026128266
0.32049272116461364,0.672209026128266
0.32049272116461364,0.6730007917656373
0.3216125419932811,0.6730007917656373
0.3216125419932811,0.6753760886777513
0.3222844344904815,0.6753760886777513
0.3222844344904815,0.6761678543151227
0.322508398656215,0.6761678543151227
0.322508398656215,0.6769596199524941
0.3227323628219485,0.6769596199524941
0.3227323628219485,0.6777513855898654
0.3236282194848824,0.6777513855898654
0.3236282194848824,0.6785431512272367
0.3251959686450168,0.6785431512272367
0.3251959686450168,0.6832937450514648
0.32541993281075027,0.6832937450514648
0.32541993281075027,0.684085510688836
0.3269876819708847,0.684085510688836
0.3269876819708847,0.6848772763262074
0.329003359462486,0.6848772763262074
0.329003359462486,0.6856690419635788
0.3301231802911534,0.6856690419635788
0.3301231802911534,0.6864608076009501
0.3303471444568869,0.6864608076009501
0.3303471444568869,0.6888361045130641
0.33101903695408735,0.6888361045130641
0.33101903695408735,0.6904196357878069
0.3341545352743561,0.6904196357878069
0.3341545352743561,0.6912114014251781
0.33661814109742444,0.6912114014251781
0.33661814109742444,0.6920031670625495
0.33729003359462484,0.6920031670625495
0.33729003359462484,0.6927949326999209
0.3404255319148936,0.6927949326999209
0.3404255319148936,0.6935866983372921
0.3406494960806271,0.6935866983372921
0.3406494960806271,0.6943784639746635
0.34535274356103024,0.6943784639746635
0.34535274356103024,0.6951702296120348
0.34871220604703246,0.6951702296120348
0.34871220604703246,0.6959619952494062
0.34916013437849946,0.6959619952494062
0.34916013437849946,0.6999208234362628
0.3493840985442329,0.6999208234362628
0.3493840985442329,0.7007125890736342
0.35005599104143337,0.7007125890736342
0.35005599104143337,0.7015043547110056
0.3516237402015677,0.7015043547110056
0.3516237402015677,0.7022961203483769
0.35207166853303473,0.7022961203483769
0.35207166853303473,0.7030878859857482
0.3525195968645017,0.7030878859857482
0.3525195968645017,0.7038796516231196
0.3534154535274356,0.7038796516231196
0.3534154535274356,0.7054631828978623
0.35408734602463604,0.7054631828978623
0.35408734602463604,0.7062549485352335
0.35565509518477045,0.7062549485352335
0.35565509518477045,0.7070467141726049
0.3617021276595745,0.7070467141726049
0.3617021276595745,0.7078384798099763
0.3623740201567749,0.7078384798099763
0.3623740201567749,0.7094220110847189
0.36304591265397534,0.7094220110847189
0.36304591265397534,0.7102137767220903
0.3652855543113102,0.7102137767220903
0.3652855543113102,0.7110055423594616
0.37088465845464724,0.7110055423594616
0.37088465845464724,0.7117973079968329
0.3717805151175812,0.7117973079968329
0.3717805151175812,0.7125890736342043
0.37200447928331465,0.7125890736342043
0.37200447928331465,0.7133808392715756
0.37245240761478166,0.7133808392715756
0.37245240761478166,0.714172604908947
0.3726763717805151,0.714172604908947
0.3726763717805151,0.7157561361836896
0.37334826427771556,0.7157561361836896
0.37334826427771556,0.716547901821061
0.37558790593505037,0.716547901821061
0.37558790593505037,0.7173396674584323
0.37670772676371783,0.7173396674584323
0.37670772676371783,0.718923198733175
0.37782754759238524,0.718923198733175
0.37782754759238524,0.7197149643705463
0.3780515117581187,0.7197149643705463
0.3780515117581187,0.721298495645289
0.37872340425531914,0.721298495645289
0.37872340425531914,0.7220902612826603
0.38006718924972005,0.7220902612826603
0.38006718924972005,0.7228820269200317
0.38230683090705486,0.7228820269200317
0.38230683090705486,0.7244655581947743
0.38253079507278837,0.7244655581947743
0.38253079507278837,0.7252573238321457
0.3827547592385218,0.7252573238321457
0.3827547592385218,0.7260490894695171
0.3840985442329227,0.7260490894695171
0.3845464725643897,0.7260490894695171
0.38521836506159013,0.7260490894695171
0.38521836506159013,0.7268408551068883
0.38544232922732363,0.7268408551068883
0.38544232922732363,0.7276326207442597
0.38566629339305714,0.7276326207442597
0.38566629339305714,0.7292161520190024
0.3894736842105263,0.7292161520190024
0.3894736842105263,0.7300079176563737
0.3910414333706607,0.7300079176563737
0.39148936170212767,0.7300079176563737
0.393952967525196,0.7300079176563737
0.393952967525196,0.730799683293745
0.3970884658454647,0.730799683293745
0.3970884658454647,0.7315914489311164
0.3997760358342665,0.7315914489311164
0.3997760358342665,0.7323832145684878
0.40022396416573347,0.7323832145684878
0.40022396416573347,0.733174980205859
0.400447928331467,0.733174980205859
0.400447928331467,0.7339667458432304
0.4015677491601344,0.7339667458432304
0.4015677491601344,0.7347585114806018
0.4024636058230683,0.7347585114806018
0.4024636058230683,0.735550277117973
0.4029115341545353,0.735550277117973
0.4029115341545353,0.7363420427553444
0.406047032474804,0.7363420427553444
0.406047032474804,0.7403008709422011
0.4073908174692049,0.7403008709422011
0.4073908174692049,0.7434679334916865
0.4078387458006719,0.7434679334916865
0.4078387458006719,0.7450514647664291
0.40828667413213887,0.7450514647664291
0.40828667413213887,0.7458432304038005
0.4085106382978723,0.7458432304038005
0.4085106382978723,0.7466349960411718
0.4089585666293393,0.7466349960411718
0.4089585666293393,0.7474267616785432
0.41119820828667414,0.7474267616785432
0.41119820828667414,0.7482185273159145
0.41142217245240764,0.7482185273159145
0.41142217245240764,0.7498020585906572
0.4138857782754759,0.7498020585906572
0.4138857782754759,0.7505938242280285
0.4152295632698768,0.7505938242280285
0.4152295632698768,0.7513855898653998
0.41567749160134376,0.7513855898653998
0.41567749160134376,0.7521773555027712
0.41590145576707727,0.7521773555027712
0.41590145576707727,0.7529691211401425
0.41702127659574467,0.7529691211401425
0.41702127659574467,0.7537608867775138
0.42038073908174695,0.7537608867775138
0.42038073908174695,0.7545526524148852
0.4206047032474804,0.7545526524148852
0.4206047032474804,0.7561361836896279
0.42127659574468085,0.7561361836896279
0.42127659574468085,0.7577197149643705
0.4221724524076148,0.7577197149643705
0.4221724524076148,0.7593032462391133
0.4241881298992161,0.7593032462391133
0.4241881298992161,0.7600950118764845
0.4244120940649496,0.7600950118764845
0.4244120940649496,0.7608867775138559
0.42463605823068307,0.7608867775138559
0.42463605823068307,0.7616785431512272
0.42486002239641657,0.7616785431512272
0.42486002239641657,0.7624703087885986
0.4262038073908175,0.7624703087885986
0.4262038073908175,0.7632620744259699
0.42687569988801793,0.7632620744259699
0.42687569988801793,0.7640538400633412
0.43695408734602464,0.7640538400633412
0.43695408734602464,0.7648456057007126
0.4371780515117581,0.7648456057007126
0.4371780515117581,0.765637371338084
0.4374020156774916,0.765637371338084
0.4374020156774916,0.7664291369754552
0.4387458006718925,0.7664291369754552
0.4387458006718925,0.7672209026128266
0.44456886898096304,0.7672209026128266
0.44456886898096304,0.768012668250198
0.44501679731243,0.768012668250198
0.44501679731243,0.7695961995249406
0.44837625979843226,0.7695961995249406
0.44837625979843226,0.770387965162312
0.4506159014557671,0.770387965162312
0.4506159014557671,0.7719714964370546
0.4508398656215006,0.7719714964370546
0.4508398656215006,0.7727632620744259
0.45151175811870103,0.7727632620744259
0.45151175811870103,0.7735550277117973
0.451959686450168,0.7735550277117973
0.451959686450168,0.777513855898654
0.45218365061590143,0.777513855898654
0.45218365061590143,0.7790973871733967
0.45375139977603585,0.7790973871733967
0.45375139977603585,0.779889152810768
0.46270996640537515,0.779889152810768
0.46270996640537515,0.7806809184481394
0.4629339305711086,0.7806809184481394
0.4629339305711086,0.7830562153602534
0.46517357222844347,0.7830562153602534
0.46517357222844347,0.7838479809976246
0.4667413213885778,0.7838479809976246
0.4667413213885778,0.784639746634996
0.46786114221724523,0.784639746634996
0.46786114221724523,0.7854315122723674
0.4687569988801792,0.7854315122723674
0.4687569988801792,0.7862232779097387
0.47032474804031354,0.7862232779097387
0.47032474804031354,0.78701504354711
0.4723404255319149,0.78701504354711
0.4723404255319149,0.7878068091844814
0.4745800671892497,0.7878068091844814
0.4745800671892497,0.7885985748218527
0.47592385218365063,0.7885985748218527
0.47592385218365063,0.7893903404592241
0.4763717805151176,0.7893903404592241
0.4763717805151176,0.7901821060965954
0.48040313549832026,0.7901821060965954
0.48040313549832026,0.7909738717339667
0.48062709966405376,0.7909738717339667
0.48062709966405376,0.7933491686460807
0.48197088465845467,0.7933491686460807
0.48197088465845467,0.7941409342834521
0.4880179171332587,0.7941409342834521
0.4880179171332587,0.7949326999208234
0.48980963045912657,0.7949326999208234
0.48980963045912657,0.7957244655581948
0.4956326987681971,0.7957244655581948
0.4956326987681971,0.7965162311955661
0.4978723404255319,0.7965162311955661
0.4978723404255319,0.7996832937450514
0.5045912653975364,0.7996832937450514
0.5045912653975364,0.8004750593824228
0.5050391937290034,0.8004750593824228
0.5050391937290034,0.8012668250197942
0.5054871220604703,0.8012668250197942
0.5054871220604703,0.8020585906571654
0.5070548712206047,0.8020585906571654
0.5070548712206047,0.8028503562945368
0.5072788353863382,0.8028503562945368
0.5072788353863382,0.8036421219319082
0.5083986562150056,0.8036421219319082
0.5083986562150056,0.8044338875692795
0.5099664053751399,0.8044338875692795
0.5099664053751399,0.8052256532066508
0.5101903695408735,0.8052256532066508
0.5101903695408735,0.8060174188440221
0.5115341545352744,0.8060174188440221
0.5115341545352744,0.8068091844813935
0.5122060470324749,0.8068091844813935
0.5122060470324749,0.8076009501187649
0.5128779395296752,0.8076009501187649
0.5128779395296752,0.8083927157561361
0.5137737961926092,0.8083927157561361
0.5137737961926092,0.8091844813935075
0.5175811870100784,0.8091844813935075
0.5175811870100784,0.8123515439429929
0.5178051511758118,0.8123515439429929
0.5178051511758118,0.8131433095803642
0.5198208286674132,0.8131433095803642
0.5198208286674132,0.8139350752177356
0.5202687569988802,0.8139350752177356
0.5202687569988802,0.8155186064924782
0.5207166853303471,0.8155186064924782
0.5207166853303471,0.8163103721298496
0.5234042553191489,0.8163103721298496
0.5234042553191489,0.8171021377672208
0.5238521836506159,0.8171021377672208
0.5238521836506159,0.8178939034045922
0.5258678611422173,0.8178939034045922
0.5258678611422173,0.8186856690419636
0.5274356103023516,0.8186856690419636
0.5274356103023516,0.8194774346793349
0.5301231802911535,0.8194774346793349
0.5301231802911535,0.8202692003167062
0.5314669652855543,0.8202692003167062
0.5314669652855543,0.8210609659540776
0.5316909294512878,0.8210609659540776
0.5316909294512878,0.8226444972288203
0.5328107502799552,0.8226444972288203
0.5328107502799552,0.8234362628661916
0.5334826427771556,0.8234362628661916
0.5334826427771556,0.8242280285035629
0.5348264277715565,0.8242280285035629
0.5348264277715565,0.8250197941409343
0.5357222844344904,0.8250197941409343
0.5357222844344904,0.8266033254156769
0.5366181410974245,0.8266033254156769
0.5366181410974245,0.8273950910530483
0.5428891377379619,0.8273950910530483
0.5428891377379619,0.8281868566904196
0.5435610302351623,0.8281868566904196
0.5435610302351623,0.828978622327791
0.5440089585666293,0.828978622327791
0.5440089585666293,0.8297703879651623
0.5482642777155655,0.8297703879651623
0.5482642777155655,0.8305621536025336
0.5513997760358342,0.8305621536025336
0.5513997760358342,0.831353919239905
0.5567749160134379,0.831353919239905
0.5567749160134379,0.8321456848772764
0.5569988801791713,0.8321456848772764
0.5569988801791713,0.833729216152019
0.5576707726763718,0.833729216152019
0.5576707726763718,0.8345209817893904
0.5585666293393057,0.8345209817893904
0.5585666293393057,0.8353127474267616
0.5594624860022397,0.8353127474267616
0.5594624860022397,0.836104513064133
0.5617021276595745,0.836104513064133
0.5617021276595745,0.8376880443388757
0.5634938409854423,0.8376880443388757
0.5634938409854423,0.838479809976247
0.5681970884658455,0.838479809976247
0.5681970884658455,0.8400633412509897
0.5695408734602464,0.8400633412509897
0.5695408734602464,0.8408551068883611
0.5702127659574469,0.8408551068883611
0.5702127659574469,0.8416468725257323
0.5729003359462486,0.8416468725257323
0.5729003359462486,0.8424386381631037
0.5733482642777156,0.8424386381631037
0.5733482642777156,0.8432304038004751
0.5751399776035834,0.8432304038004751
0.5751399776035834,0.8440221694378464
0.5807390817469205,0.8440221694378464
0.5807390817469205,0.8448139350752177
0.580963045912654,0.8448139350752177
0.580963045912654,0.8456057007125891
0.5836506159014557,0.8456057007125891
0.5836506159014557,0.8463974663499604
0.5845464725643897,0.8463974663499604
0.5845464725643897,0.8471892319873318
0.5852183650615902,0.8471892319873318
0.5852183650615902,0.8479809976247031
0.5863381858902575,0.8479809976247031
0.5863381858902575,0.8495645288994458
0.5876819708846585,0.8495645288994458
0.5876819708846585,0.850356294536817
0.5879059350503919,0.850356294536817
0.5879059350503919,0.8511480601741884
0.5885778275475924,0.8511480601741884
0.5885778275475924,0.8519398258115598
0.5952967525195969,0.8519398258115598
0.5952967525195969,0.8527315914489311
0.5973124300111982,0.8527315914489311
0.5973124300111982,0.8535233570863024
0.5988801791713326,0.8535233570863024
0.5988801791713326,0.8543151227236738
0.6,0.8543151227236738
0.6,0.8551068883610451
0.6011198208286674,0.8551068883610451
0.6011198208286674,0.8558986539984165
0.6022396416573348,0.8558986539984165
0.6022396416573348,0.8566904196357878
0.6029115341545352,0.8566904196357878
0.6029115341545352,0.8574821852731591
0.6051511758118701,0.8574821852731591
0.6051511758118701,0.8582739509105305
0.6055991041433371,0.8582739509105305
0.6055991041433371,0.8590657165479019
0.6109742441209407,0.8590657165479019
0.6109742441209407,0.8598574821852731
0.6111982082866741,0.8598574821852731
0.611646136618141,0.8598574821852731
0.611646136618141,0.8606492478226445
0.6136618141097424,0.8606492478226445
0.6136618141097424,0.8614410134600158
0.6174692049272117,0.8614410134600158
0.6174692049272117,0.8622327790973872
0.6181410974244121,0.8622327790973872
0.6181410974244121,0.8630245447347585
0.6217245240761479,0.8630245447347585
0.6217245240761479,0.8638163103721298
0.6228443449048152,0.8638163103721298
0.6228443449048152,0.8646080760095012
0.6239641657334827,0.8646080760095012
0.6239641657334827,0.8653998416468726
0.625531914893617,0.8653998416468726
0.625531914893617,0.8669833729216152
0.6262038073908175,0.8669833729216152
0.6262038073908175,0.8677751385589866
0.6273236282194848,0.8677751385589866
0.6273236282194848,0.8685669041963578
0.6275475923852184,0.8685669041963578
0.6275475923852184,0.8693586698337292
0.6295632698768197,0.8693586698337292
0.6295632698768197,0.8717339667458432
0.6338185890257558,0.8717339667458432
0.6338185890257558,0.8725257323832145
0.6347144456886898,0.8725257323832145
0.6347144456886898,0.8733174980205859
0.6349384098544233,0.8733174980205859
0.6349384098544233,0.8741092636579573
0.6378499440089586,0.8741092636579573
0.6378499440089586,0.8749010292953285
0.6472564389697648,0.8749010292953285
0.6472564389697648,0.8756927949326999
0.6477043673012318,0.8756927949326999
0.6477043673012318,0.8764845605700713
0.6479283314669653,0.8764845605700713
0.6479283314669653,0.8772763262074426
0.6481522956326987,0.8772763262074426
0.6481522956326987,0.8780680918448139
0.6483762597984323,0.8780680918448139
0.6483762597984323,0.8788598574821853
0.6497200447928332,0.8788598574821853
0.6501679731243001,0.8788598574821853
0.6506159014557671,0.8788598574821853
0.6506159014557671,0.8796516231195566
0.6508398656215005,0.8796516231195566
0.6508398656215005,0.880443388756928
0.6521836506159014,0.880443388756928
0.6521836506159014,0.8812351543942993
0.6524076147816349,0.8812351543942993
0.6524076147816349,0.8820269200316706
0.6533034714445689,0.8820269200316706
0.6533034714445689,0.882818685669042
0.6535274356103024,0.882818685669042
0.6535274356103024,0.8836104513064132
0.6593505039193729,0.8836104513064132
0.6593505039193729,0.8844022169437846
0.6671892497200448,0.8844022169437846
0.6671892497200448,0.8859857482185273
0.6680851063829787,0.8859857482185273
0.6680851063829787,0.8867775138558986
0.6685330347144457,0.8867775138558986
0.6685330347144457,0.88756927949327
0.6689809630459127,0.88756927949327
0.6689809630459127,0.8883610451306413
0.670996640537514,0.8883610451306413
0.671444568868981,0.8883610451306413
0.6739081746920492,0.8883610451306413
0.6739081746920492,0.8891528107680127
0.676595744680851,0.8891528107680127
0.676595744680851,0.889944576405384
0.6774916013437849,0.889944576405384
0.6774916013437849,0.8907363420427553
0.6797312430011199,0.8907363420427553
0.6797312430011199,0.8915281076801267
0.6810750279955207,0.8915281076801267
0.6810750279955207,0.8923198733174981
0.6837625979843225,0.8923198733174981
0.6837625979843225,0.8939034045922407
0.6862262038073909,0.8939034045922407
0.6862262038073909,0.894695170229612
0.6864501679731243,0.894695170229612
0.6864501679731243,0.8962787015043547
0.690481522956327,0.8962787015043547
0.690481522956327,0.897070467141726
0.6907054871220605,0.897070467141726
0.6907054871220605,0.8978622327790974
0.6933930571108623,0.8978622327790974
0.6933930571108623,0.8986539984164688
0.6951847704367301,0.8986539984164688
0.6951847704367301,0.89944576405384
0.6958566629339306,0.89944576405384
0.6958566629339306,0.9002375296912114
0.6987681970884658,0.9002375296912114
0.6987681970884658,0.9010292953285828
0.6989921612541993,0.9010292953285828
0.6989921612541993,0.901821060965954
0.703471444568869,0.901821060965954
0.703471444568869,0.9026128266033254
0.7057110862262038,0.9026128266033254
0.7061590145576708,0.9026128266033254
0.7104143337066069,0.9026128266033254
0.7104143337066069,0.9034045922406968
0.716461366181411,0.9034045922406968
0.716461366181411,0.9041963578780681
0.7198208286674133,0.9041963578780681
0.7198208286674133,0.9049881235154394
0.7202687569988802,0.9049881235154394
0.7207166853303472,0.9049881235154394
0.7211646136618141,0.9049881235154394
0.7211646136618141,0.9065716547901821
0.7213885778275476,0.9065716547901821
0.7213885778275476,0.9073634204275535
0.723404255319149,0.9073634204275535
0.723404255319149,0.9081551860649247
0.728107502799552,0.9081551860649247
0.728107502799552,0.9089469517022961
0.729451287793953,0.9089469517022961
0.729451287793953,0.9097387173396675
0.73505039193729,0.9097387173396675
0.73505039193729,0.9113222486144101
0.7370660694288914,0.9113222486144101
0.7370660694288914,0.9129057798891528
0.7406494960806271,0.9129057798891528
0.7406494960806271,0.9136975455265242
0.7422172452407615,0.9136975455265242
0.7422172452407615,0.9144893111638955
0.7442329227323629,0.9144893111638955
0.7442329227323629,0.9152810768012668
0.7482642777155655,0.9152810768012668
0.7482642777155655,0.9160728424386382
0.7498320268756999,0.9160728424386382
0.7498320268756999,0.9184481393507522
0.7525195968645016,0.9184481393507522
0.7525195968645016,0.9192399049881235
0.7554311310190369,0.9192399049881235
0.7554311310190369,0.9200316706254948
0.7590145576707726,0.9200316706254948
0.7590145576707726,0.9208234362628662
0.7599104143337067,0.9208234362628662
0.7599104143337067,0.9216152019002375
0.7659574468085106,0.9216152019002375
0.7659574468085106,0.9224069675376089
0.7661814109742441,0.9224069675376089
0.7661814109742441,0.9231987331749802
0.7664053751399776,0.9231987331749802
0.7664053751399776,0.9239904988123515
0.7670772676371781,0.9239904988123515
0.7670772676371781,0.9247822644497229
0.7690929451287793,0.9247822644497229
0.7695408734602464,0.9247822644497229
0.7704367301231803,0.9247822644497229
0.7704367301231803,0.9255740300870943
0.7708846584546473,0.9255740300870943
0.7708846584546473,0.9263657957244655
0.7711086226203807,0.9263657957244655
0.7711086226203807,0.9271575613618369
0.7720044792833146,0.9271575613618369
0.7720044792833146,0.9279493269992082
0.7726763717805151,0.9279493269992082
0.7726763717805151,0.9287410926365796
0.7751399776035834,0.9287410926365796
0.7751399776035834,0.9295328582739509
0.7755879059350503,0.9295328582739509
0.7755879059350503,0.9303246239113222
0.7782754759238522,0.9303246239113222
0.7782754759238522,0.931908155186065
0.7784994400895857,0.931908155186065
0.7784994400895857,0.9326999208234362
0.7840985442329227,0.9326999208234362
0.7840985442329227,0.9350752177355502
0.7856662933930572,0.9350752177355502
0.7856662933930572,0.9358669833729216
0.7888017917133259,0.9358669833729216
0.7888017917133259,0.9382422802850356
0.7908174692049272,0.9382422802850356
0.7908174692049272,0.9390340459224069
0.8011198208286674,0.9390340459224069
0.8011198208286674,0.9398258115597783
0.8015677491601344,0.9398258115597783
0.8015677491601344,0.9406175771971497
0.8087346024636058,0.9406175771971497
0.8087346024636058,0.9422011084718923
0.8116461366181411,0.9422011084718923
0.8116461366181411,0.9429928741092637
0.8183650615901455,0.9429928741092637
0.8183650615901455,0.943784639746635
0.8185890257558791,0.943784639746635
0.8185890257558791,0.9445764053840063
0.819036954087346,0.9445764053840063
0.819036954087346,0.9453681710213777
0.8246360582306831,0.9453681710213777
0.8246360582306831,0.946159936658749
0.826427771556551,0.946159936658749
0.826427771556551,0.9469517022961204
0.8266517357222845,0.9469517022961204
0.8266517357222845,0.9477434679334917
0.8335946248600224,0.9477434679334917
0.8335946248600224,0.948535233570863
0.8360582306830907,0.948535233570863
0.8360582306830907,0.9501187648456056
0.8367301231802912,0.9501187648456056
0.8367301231802912,0.950910530482977
0.8374020156774916,0.950910530482977
0.8374020156774916,0.9517022961203484
0.844120940649496,0.9517022961203484
0.844120940649496,0.9524940617577197
0.8452407614781635,0.9524940617577197
0.8452407614781635,0.953285827395091
0.8490481522956327,0.953285827395091
0.8490481522956327,0.9540775930324624
0.8501679731243001,0.9540775930324624
0.8501679731243001,0.9548693586698337
0.851063829787234,0.9548693586698337
0.851063829787234,0.9556611243072051
0.851959686450168,0.9556611243072051
0.851959686450168,0.9564528899445764
0.8568868980963046,0.9564528899445764
0.8568868980963046,0.9572446555819477
0.857558790593505,0.9572446555819477
0.857558790593505,0.9580364212193191
0.8582306830907055,0.9580364212193191
0.8582306830907055,0.9596199524940617
0.8602463605823069,0.9596199524940617
0.8602463605823069,0.9604117181314331
0.8658454647256439,0.9604117181314331
0.8658454647256439,0.9612034837688044
0.8721164613661814,0.9612034837688044
0.8721164613661814,0.9619952494061758
0.8759238521836507,0.9619952494061758
0.8759238521836507,0.9627870150435471
0.8846584546472565,0.9627870150435471
0.8846584546472565,0.9635787806809184
0.8880179171332587,0.9635787806809184
0.8880179171332587,0.9651623119556612
0.8920492721164613,0.9651623119556612
0.8920492721164613,0.9659540775930324
0.8963045912653975,0.9659540775930324
0.8963045912653975,0.9667458432304038
0.896528555431131,0.9667458432304038
0.896528555431131,0.9675376088677752
0.8987681970884659,0.9675376088677752
0.8987681970884659,0.9683293745051464
0.9007838745800671,0.9683293745051464
0.9007838745800671,0.9699129057798892
0.9077267637178051,0.9699129057798892
0.9077267637178051,0.9707046714172605
0.908622620380739,0.9707046714172605
0.908622620380739,0.9714964370546318
0.9126539753639418,0.9714964370546318
0.9126539753639418,0.9730799683293745
0.9238521836506159,0.9730799683293745
0.9238521836506159,0.9738717339667459
0.9243001119820828,0.9738717339667459
0.9243001119820828,0.9746634996041171
0.928555431131019,0.9746634996041171
0.928555431131019,0.9754552652414885
0.9294512877939529,0.9754552652414885
0.9294512877939529,0.9762470308788599
0.9332586786114222,0.9762470308788599
0.9332586786114222,0.9770387965162312
0.9337066069428891,0.9770387965162312
0.9341545352743561,0.9770387965162312
0.9346024636058231,0.9770387965162312
0.9346024636058231,0.9778305621536025
0.9395296752519597,0.9778305621536025
0.9399776035834266,0.9778305621536025
0.9442329227323628,0.9778305621536025
0.9442329227323628,0.9786223277909739
0.9462486002239642,0.9786223277909739
0.9462486002239642,0.9794140934283452
0.9478163493840985,0.9794140934283452
0.9478163493840985,0.9802058590657166
0.9538633818589026,0.9802058590657166
0.9538633818589026,0.9809976247030879
0.9565509518477043,0.9809976247030879
0.9565509518477043,0.9817893903404592
0.9572228443449048,0.9817893903404592
0.9572228443449048,0.9825811559778306
0.9599104143337066,0.9825811559778306
0.9603583426651736,0.9825811559778306
0.9632698768197089,0.9825811559778306
0.9632698768197089,0.9841646872525732
0.9659574468085106,0.9841646872525732
0.9659574468085106,0.9857482185273159
0.967077267637178,0.9857482185273159
0.967077267637178,0.9865399841646872
0.9686450167973124,0.9865399841646872
0.9686450167973124,0.9873317498020586
0.9729003359462486,0.9873317498020586
0.9729003359462486,0.9881235154394299
0.9780515117581187,0.9881235154394299
0.9780515117581187,0.9889152810768013
0.9807390817469205,0.9889152810768013
0.9807390817469205,0.9897070467141726
0.9823068309070548,0.9897070467141726
0.9823068309070548,0.9904988123515439
0.987010078387458,0.9904988123515439
0.987010078387458,0.9912905779889153
0.9896976483762598,0.9912905779889153
0.9896976483762598,0.9920823436262867
0.9910414333706606,0.9920823436262867
0.9910414333706606,0.9928741092636579
0.9912653975363942,0.9928741092636579
0.9912653975363942,0.9936658749010293
0.9926091825307951,0.9936658749010293
0.9926091825307951,0.9944576405384006
0.9928331466965286,0.9944576405384006
0.9932810750279956,0.9944576405384006
0.9950727883538634,0.9944576405384006
0.9950727883538634,0.995249406175772
0.9955207166853304,0.995249406175772
0.9955207166853304,0.9960411718131433
0.9964165733482643,0.9960411718131433
0.9964165733482643,0.9968329374505146
0.9982082866741321,0.9968329374505146
0.9982082866741321,0.9984164687252574
0.9984322508398656,0.9984164687252574
0.9984322508398656,0.9992082343626286
0.9988801791713325,0.9992082343626286
0.9988801791713325,1.0
1.0,1.0
